,test_mse,test_bias,val_mse,val_bias,train_mse,train_bias
0,0.1654082248402121,0.001856486223453795,0.16473784479242518,0.001793257422266797,0.1619141340983198,0.0020285598751150218
