,test_mse,test_bias,val_mse,val_bias,train_mse,train_bias
0,0.24297125879268772,-0.0034559113716523407,0.24405918191829848,-0.006338486454715229,0.24236557802769718,-6.142677873962485e-05
