,test_mse,test_bias,val_mse,val_bias,train_mse,train_bias
0,0.13489902948733098,-0.0005024935189432966,0.13497898279233247,-0.000439611635521797,0.13274685860626467,-7.456980373484357e-05
