,test_mse,test_bias,val_mse,val_bias,train_mse,train_bias
0,0.004949130811259742,-6.414506325734334e-05,0.004952549075700236,-3.798469173281205e-05,0.004882658207598927,-1.4195867883541138e-05
