,test_mse,test_bias,val_mse,val_bias,train_mse,train_bias
0,0.007125768792638162,-0.0001030222912538044,0.007115281276959363,-0.00011152612685448308,0.007087772701813558,2.9423176889191536e-05
