,test_mse,test_bias,val_mse,val_bias,train_mse,train_bias
0,0.22523892675381632,-0.0014267457102212756,0.22466461342877564,-0.0021066756259314045,0.22451628871733692,-0.00023726597013376066
