,test_mse,test_bias,val_mse,val_bias,train_mse,train_bias
0,0.005841112372354374,0.00031843688774857003,0.005822839117215772,0.00035432111709887915,0.005736487226851135,0.0003832771749940637
