,test_mse,test_bias,val_mse,val_bias,train_mse,train_bias
0,0.15716877082566041,0.002175411208199796,0.15656569795744504,0.002043744630114876,0.15333312149598666,0.002339382461917426
