,test_mse,test_bias,val_mse,val_bias,train_mse,train_bias
0,0.005733378692572056,0.0003570078508336174,0.005715769480970457,0.0003784051692134568,0.005623186409917048,0.0004042285295908349
