,test_mse,test_bias,val_mse,val_bias,train_mse,train_bias
0,0.1652654899825633,0.001953972255559401,0.16454602147641648,0.0020156114219610673,0.16164440955965192,0.0021054087751935183
