,test_mse,test_bias,val_mse,val_bias,train_mse,train_bias
0,0.15608573278299206,0.0021734677745661062,0.15540988211339604,0.0019535820287665917,0.15193752341916572,0.0025418137172230917
