,test_mse,test_bias,val_mse,val_bias,train_mse,train_bias
0,0.18261717920965229,0.0009846079007977365,0.18154045724929735,0.0013305963689183244,0.17924243603893236,0.0018067122141205753
