,test_mse,test_bias,val_mse,val_bias,train_mse,train_bias
0,0.0064843469983875,0.00018961563604651677,0.0064647463026351925,0.0002460407136245764,0.006400589378431797,0.0003404426695242786
