,test_mse,test_bias,val_mse,val_bias,train_mse,train_bias
0,0.006844633208211792,0.00013629238198280047,0.006828950940136511,0.00023587163911190984,0.00677183525580747,0.0003170630696731957
