,test_mse,test_bias,val_mse,val_bias,train_mse,train_bias
0,0.1593135081910163,0.0016938331124829332,0.1586244346527813,0.0017249354189283737,0.15543370758742164,0.002134811703433557
