,test_mse,test_bias,val_mse,val_bias,train_mse,train_bias
0,0.17261276415205767,0.0014829256637767395,0.17182445549614409,0.0016539067770522035,0.16916698362173335,0.001936869143500575
