,test_mse,test_bias,val_mse,val_bias,train_mse,train_bias
0,0.006020215493485734,0.0002962799480413146,0.006003288040577279,0.0003201303348340229,0.0059243163873712755,0.00039253570182817924
