,test_mse,test_bias,val_mse,val_bias,train_mse,train_bias
0,0.05023308620297069,0.010034823854266236,0.04987374571212352,0.010187254982703238,0.04897123669404639,0.010198331074583135
