,test_mse,test_bias,val_mse,val_bias,train_mse,train_bias
0,0.15313942212804135,0.0023501469756033126,0.1524510016582015,0.002179233269027642,0.14877939007103158,0.0026921201409263696
