,test_mse,test_bias,val_mse,val_bias,train_mse,train_bias
0,0.0056414019732044145,0.0003906531871864008,0.005623580294806913,0.00040990843335648915,0.00552612770556458,0.00042871225596382835
