,test_mse,test_bias,val_mse,val_bias,train_mse,train_bias
0,0.0062181817256323135,0.00027088777406520775,0.0062014745535670475,0.0002973777081106177,0.006131243037213193,0.0003349873815883412
