,test_mse,test_bias,val_mse,val_bias,train_mse,train_bias
0,0.19747956231748204,0.001033336726901982,0.19641450837515567,0.0013375525681755614,0.19439136268522836,0.0017698331815707697
