,PHQ_mean,PHQ_std,PHQ_99_perc,TPHYSTND_mean,TPHYSTND_std,TPHYSTND_99_perc,PRECT_mean,PRECT_std,PRECT_99_perc,FSNS_mean,FSNS_std,FSNS_99_perc,FSNT_mean,FSNT_std,FSNT_99_perc,FLNT_mean,FLNT_std,FLNT_99_perc,FLNS_mean,FLNS_std,FLNS_99_perc
0,6.232895088942314e-09,9.243764509392349e-08,2.8484992469657285e-07,1.5779705790919252e-05,8.266884833574295e-05,0.0003245661003165865,3.111610169526102e-08,1.1066216387689565e-07,5.597358313025288e-07,164.0777587890625,251.0018310546875,979.030361328123,231.08021545410156,325.9997253417969,1212.2612438964834,223.04820251464844,45.9221076965332,300.48893341064445,52.76959991455078,27.569116592407227,109.76192840576164
